<wpml-config>
    <custom-fields>
        <custom-field action="translate">sub_title</custom-field>
        <custom-field action="copy">title_box_button_text</custom-field>
        <custom-field action="translate">title_box_button_url</custom-field>
        <custom-field action="translate">testimonial_company</custom-field>
        <custom-field action="translate">testimonial_profession</custom-field>
    </custom-fields>
    <custom-types>
        <custom-type translate="1">project</custom-type>
        <custom-type translate="1">service</custom-type>
        <custom-type translate="1">testimonial</custom-type>
        <custom-type translate="1">sidebar</custom-type>
    </custom-types>
    <taxonomies>
        <taxonomy translate="1">project_category</taxonomy>
    </taxonomies>
</wpml-config>